title,views,date_time,video_link,thumbnail_link
Let's Put a Nuke In Your Living Room To Test Physics,1.1M views,19 hours ago,https://www.youtube.com/watch?v=7wK4peez9zE,https://i9.ytimg.com/vi/7wK4peez9zE/hqdefault_custom_1.jpg
When Your Body Attacks Itself ‚Äì Autoimmune,2.3M views,4 weeks ago,https://www.youtube.com/watch?v=efOW5NUTYB8,https://i.ytimg.com/vi/efOW5NUTYB8/hqdefault.jpg
How Nuclear Flies Protect You from Flesh-Eating Parasites,4.6M views,1 month ago,https://www.youtube.com/watch?v=zxq60I5RSW8,https://i.ytimg.com/vi/zxq60I5RSW8/hqdefault.jpg
Why Does Fentanyl Feel So Good?,6.9M views,2 months ago,https://www.youtube.com/watch?v=m6KnVTYtSc0,https://i.ytimg.com/vi/m6KnVTYtSc0/hqdefault.jpg
What If It Rains Bananas For A Single Day? (Spoiler: It's Bad),4.1M views,2 months ago,https://www.youtube.com/watch?v=tRXy-b6_lBc,https://i.ytimg.com/vi/tRXy-b6_lBc/hqdefault.jpg
Your Time Machine Broke - At The Worst Time In History,4.9M views,3 months ago,https://www.youtube.com/watch?v=NYNBAxDfgrY&pp=0gcJCccJAYcqIYzv,https://i.ytimg.com/vi/NYNBAxDfgrY/hqdefault.jpg
SOUTH KOREA IS OVER,13M views,3 months ago,https://www.youtube.com/watch?v=Ufmu1WD2TSk,https://i.ytimg.com/vi/Ufmu1WD2TSk/hqdefault.jpg
Why Your Brain Blinds You For 2 Hours Every Day,6.1M views,4 months ago,https://www.youtube.com/watch?v=wo_e0EvEZn8,https://i.ytimg.com/vi/wo_e0EvEZn8/hqdefault.jpg
If You Eat Meat You Should Know This,4.7M views,5 months ago,https://www.youtube.com/watch?v=5sVfTPaxRwk,https://i.ytimg.com/vi/5sVfTPaxRwk/hqdefault.jpg
What Actual Aliens Might Look Like,7.7M views,5 months ago,https://www.youtube.com/watch?v=dCiMUWw1BBc,https://i.ytimg.com/vi/dCiMUWw1BBc/hqdefault.jpg
The Real Reason Why You Have Allergies,6M views,7 months ago,https://www.youtube.com/watch?v=9zCH37330f8,https://i.ytimg.com/vi/9zCH37330f8/hqdefault.jpg
Is The World Getting More Violent?,4.4M views,7 months ago,https://www.youtube.com/watch?v=reSfF60-2S4,https://i.ytimg.com/vi/reSfF60-2S4/hqdefault.jpg
Black Hole's Evil Twin - Gravastars Explained,6.8M views,7 months ago,https://www.youtube.com/watch?v=BmUZ2wp1lM8,https://i.ytimg.com/vi/BmUZ2wp1lM8/hqdefault.jpg
Vaping Is Too Good To Be True,7.2M views,8 months ago,https://www.youtube.com/watch?v=cHEOsKddURQ,https://i.ytimg.com/vi/cHEOsKddURQ/hqdefault.jpg
We Have To Talk About Weed,11M views,8 months ago,https://www.youtube.com/watch?v=qBRaI0ZeAf8,https://i.ytimg.com/vi/qBRaI0ZeAf8/hqdefault.jpg
The Most Insane Weapon You Never Heard About,11M views,8 months ago,https://www.youtube.com/watch?v=E55uSCO5D2w,https://i.ytimg.com/vi/E55uSCO5D2w/hqdefault.jpg
We Fell For The Oldest Lie On The Internet,7.3M views,9 months ago,https://www.youtube.com/watch?v=bgo7rm5Maqg,https://i.ytimg.com/vi/bgo7rm5Maqg/hqdefault.jpg
Tired of Doomscrolling?,5.6M views,9 months ago,https://www.youtube.com/watch?v=c1nYtX-NUsc,https://i.ytimg.com/vi/c1nYtX-NUsc/hqdefault.jpg
There Is Life Hiding Inside Earth,7.1M views,9 months ago,https://www.youtube.com/watch?v=VD6xJq8NguY,https://i.ytimg.com/vi/VD6xJq8NguY/hqdefault.jpg
This Video Might Save 58 Lives Next Week,5.2M views,10 months ago,https://www.youtube.com/watch?v=oTx-GSF3cts,https://i.ytimg.com/vi/oTx-GSF3cts/hqdefault.jpg
Why Scientists Are Puzzled By This Virus,4.7M views,10 months ago,https://www.youtube.com/watch?v=SbvAaDN1bpE,https://i.ytimg.com/vi/SbvAaDN1bpE/hqdefault.jpg
We Need to Rethink Exercise (Updated Version),4.6M views,10 months ago,https://www.youtube.com/watch?v=vSSkDos2hzo,https://i.ytimg.com/vi/vSSkDos2hzo/hqdefault.jpg
We Traveled Back in Time. Now Physicists Are Angry.,7.9M views,11 months ago,https://www.youtube.com/watch?v=dBxxi5XAm3U,https://i.ytimg.com/vi/dBxxi5XAm3U/hqdefault.jpg
"Fever Feels Horrible, but is Actually Awesome!",8.5M views,11 months ago,https://www.youtube.com/watch?v=cRZOUcpiOxY,https://i.ytimg.com/vi/cRZOUcpiOxY/hqdefault.jpg
A.I. ‚Äê Humanity's Final Invention?,10M views,11 months ago,https://www.youtube.com/watch?v=fa8k8IQ1_X0,https://i.ytimg.com/vi/fa8k8IQ1_X0/hqdefault.jpg
This Disease is Deadlier Than The Plague,9.8M views,1 year ago,https://www.youtube.com/watch?v=GFLb5h2O2Ww,https://i.ytimg.com/vi/GFLb5h2O2Ww/hqdefault.jpg
Do You Have a Free Will?,5.9M views,1 year ago,https://www.youtube.com/watch?v=UebSfjmQNvs,https://i.ytimg.com/vi/UebSfjmQNvs/hqdefault.jpg
We Are Making a VIDEO GAME,1.8M views,1 year ago,https://www.youtube.com/watch?v=3DFE8gZe9bA,https://i.ytimg.com/vi/3DFE8gZe9bA/hqdefault.jpg
Your Hidden Superpower,1.3M views,1 year ago,https://www.youtube.com/watch?v=itBBsQRv0EU,https://i.ytimg.com/vi/itBBsQRv0EU/hqdefault.jpg
This Black Hole Could be Bigger Than The Universe,7.6M views,1 year ago,https://www.youtube.com/watch?v=71eUes30gwc,https://i.ytimg.com/vi/71eUes30gwc/hqdefault.jpg
Smoking is Awesome,12M views,1 year ago,https://www.youtube.com/watch?v=_rBPwu2uS-w,https://i.ytimg.com/vi/_rBPwu2uS-w/hqdefault.jpg
How The Dinosaurs Actually Died,7.6M views,1 year ago,https://www.youtube.com/watch?v=pjoQdz0nxf4,https://i.ytimg.com/vi/pjoQdz0nxf4/hqdefault.jpg
The Paradox of an Infinite Universe,9.6M views,1 year ago,https://www.youtube.com/watch?v=isdLel273rQ,https://i.ytimg.com/vi/isdLel273rQ/hqdefault.jpg
Your Tattoo is INSIDE Your Immune System. Literally,15M views,1 year ago,https://www.youtube.com/watch?v=nGggU-Cxhv0,https://i.ytimg.com/vi/nGggU-Cxhv0/hqdefault.jpg
The Moment kurzgesagt Changed Forever,1.9M views,1 year ago,https://www.youtube.com/watch?v=yDMZJ7LgrGY,https://i.ytimg.com/vi/yDMZJ7LgrGY/hqdefault.jpg
How to Win an Interstellar War,10M views,1 year ago,https://www.youtube.com/watch?v=tybKnGZRwcU&pp=0gcJCccJAYcqIYzv,https://i.ytimg.com/vi/tybKnGZRwcU/hqdefault.jpg
What Happens If You Destroy A Black Hole?,12M views,1 year ago,https://www.youtube.com/watch?v=cFslUSyfZPc,https://i.ytimg.com/vi/cFslUSyfZPc/hqdefault.jpg
The Most Dangerous Weapon Is Not Nuclear,6M views,2 years ago,https://www.youtube.com/watch?v=9FppammO1zk&pp=0gcJCccJAYcqIYzv,https://i.ytimg.com/vi/9FppammO1zk/hqdefault.jpg
Why Aliens Might Already Be On Their Way To Us,8.9M views,2 years ago,https://www.youtube.com/watch?v=GDSf2h9_39I,https://i.ytimg.com/vi/GDSf2h9_39I/hqdefault.jpg
How We Make Money on YouTube with 20M Subs,5M views,2 years ago,https://www.youtube.com/watch?v=1x-i9z617z4,https://i.ytimg.com/vi/1x-i9z617z4/hqdefault.jpg
What Actually Happens When You Are Sick?,7.1M views,2 years ago,https://www.youtube.com/watch?v=M-K7mxdN62M,https://i.ytimg.com/vi/M-K7mxdN62M/hqdefault.jpg
How to Terraform Mars - WITH LASERS,10M views,2 years ago,https://www.youtube.com/watch?v=HpcTJW4ur54,https://i.ytimg.com/vi/HpcTJW4ur54/hqdefault.jpg
The Horror of the Slaver Ant,9.4M views,2 years ago,https://www.youtube.com/watch?v=Qsbe1pD8ocE,https://i.ytimg.com/vi/Qsbe1pD8ocE/hqdefault.jpg
The Most Extreme Explosion in the Universe,10M views,2 years ago,https://www.youtube.com/watch?v=q4DF3j4saCE,https://i.ytimg.com/vi/q4DF3j4saCE/hqdefault.jpg
Why Don't We Shoot Nuclear Waste Into Space?,13M views,2 years ago,https://www.youtube.com/watch?v=Us2Z-WC9rao,https://i.ytimg.com/vi/Us2Z-WC9rao/hqdefault.jpg
The Biggest Eruptions That Changed Earth Forever,11M views,2 years ago,https://www.youtube.com/watch?v=fXb02MQ78yQ,https://i.ytimg.com/vi/fXb02MQ78yQ/hqdefault.jpg
Let‚Äôs Travel to The Most Extreme Place in The Universe,13M views,2 years ago,https://www.youtube.com/watch?v=FfWtIaDtfYk,https://i.ytimg.com/vi/FfWtIaDtfYk/hqdefault.jpg
How To Make Friends,7.3M views,2 years ago,https://www.youtube.com/watch?v=I9hJ_Rux9y0&pp=0gcJCccJAYcqIYzv,https://i.ytimg.com/vi/I9hJ_Rux9y0/hqdefault.jpg
Is Civilization on the Brink of Collapse?,10M views,2 years ago,https://www.youtube.com/watch?v=W93XyXHI8Nw,https://i.ytimg.com/vi/W93XyXHI8Nw/hqdefault.jpg
The Deadliest Virus on Earth,15M views,3 years ago,https://www.youtube.com/watch?v=4u5I8GYB79Y,https://i.ytimg.com/vi/4u5I8GYB79Y/hqdefault.jpg
The Last Human ‚Äì A Glimpse Into The Far Future,14M views,3 years ago,https://www.youtube.com/watch?v=LEENEFaVUzU,https://i.ytimg.com/vi/LEENEFaVUzU/hqdefault.jpg
Change Your Life ‚Äì One Tiny Step at a Time,13M views,3 years ago,https://www.youtube.com/watch?v=75d_29QWELk,https://i.ytimg.com/vi/75d_29QWELk/hqdefault.jpg
You Are Not Where You Think You Are,10M views,3 years ago,https://www.youtube.com/watch?v=Pj-h6MEgE7I,https://i.ytimg.com/vi/Pj-h6MEgE7I/hqdefault.jpg
The Most Horrible Parasite: Brain Eating Amoeba,14M views,3 years ago,https://www.youtube.com/watch?v=7OPg-ksxZ4Y,https://i.ytimg.com/vi/7OPg-ksxZ4Y/hqdefault.jpg
We WILL Fix Climate Change!,11M views,3 years ago,https://www.youtube.com/watch?v=LxgMdjyw8uw,https://i.ytimg.com/vi/LxgMdjyw8uw/hqdefault.jpg
Are There Lost Alien Civilizations in Our Past?,13M views,3 years ago,https://www.youtube.com/watch?v=KRvv0QdruMQ,https://i.ytimg.com/vi/KRvv0QdruMQ/hqdefault.jpg
What Happens if the Moon Crashes into Earth?,20M views,3 years ago,https://www.youtube.com/watch?v=lheapd7bgLA,https://i.ytimg.com/vi/lheapd7bgLA/hqdefault.jpg
Why We Should NOT Look For Aliens - The Dark Forest,16M views,3 years ago,https://www.youtube.com/watch?v=xAUJYP8tnRE,https://i.ytimg.com/vi/xAUJYP8tnRE/hqdefault.jpg
...And We'll Do it Again,13M views,3 years ago,https://www.youtube.com/watch?v=XFqn3uy238E,https://i.ytimg.com/vi/XFqn3uy238E/hqdefault.jpg
Is Meat Really that Bad?,8.5M views,3 years ago,https://www.youtube.com/watch?v=F1Hq8eVOMHs,https://i.ytimg.com/vi/F1Hq8eVOMHs/hqdefault.jpg
You Are Immune Against Every Disease,18M views,3 years ago,https://www.youtube.com/watch?v=LmpuerlbJu0,https://i.ytimg.com/vi/LmpuerlbJu0/hqdefault.jpg
What Dinosaurs ACTUALLY Looked Like?,14M views,3 years ago,https://www.youtube.com/watch?v=xaQJbozY_Is,https://i.ytimg.com/vi/xaQJbozY_Is/hqdefault.jpg
Two Chapters From Our New Book ‚Äì Exclusive Preview!,2M views,3 years ago,https://www.youtube.com/watch?v=0FRVx_c9T0c,https://i.ytimg.com/vi/0FRVx_c9T0c/hqdefault.jpg
Can YOU Fix Climate Change?,13M views,3 years ago,https://www.youtube.com/watch?v=yiw6_JakZFc&pp=0gcJCccJAYcqIYzv,https://i.ytimg.com/vi/yiw6_JakZFc/hqdefault.jpg
This Virus Shouldn't Exist (But it Does),23M views,3 years ago,https://www.youtube.com/watch?v=1-NxodiGPCU,https://i.ytimg.com/vi/1-NxodiGPCU/hqdefault.jpg
How The Immune System ACTUALLY Works ‚Äì IMMUNE,24M views,3 years ago,https://www.youtube.com/watch?v=lXfEK8G8CUI,https://i.ytimg.com/vi/lXfEK8G8CUI/hqdefault.jpg
The Largest Black Hole in the Universe - Size Comparison,30M views,3 years ago,https://www.youtube.com/watch?v=0FH9cgRhQ-k&pp=0gcJCccJAYcqIYzv,https://i.ytimg.com/vi/0FH9cgRhQ-k/hqdefault.jpg
How To Terraform Venus (Quickly),21M views,4 years ago,https://www.youtube.com/watch?v=G-WO-z-QuWI,https://i.ytimg.com/vi/G-WO-z-QuWI/hqdefault.jpg
The Day the Dinosaurs Died ‚Äì Minute by Minute,21M views,4 years ago,https://www.youtube.com/watch?v=dFCbJmgeHmA,https://i.ytimg.com/vi/dFCbJmgeHmA/hqdefault.jpg
When This Number Hits 5200 - You Will be Dead,12M views,4 years ago,https://www.youtube.com/watch?v=JXeJANDKwDc,https://i.ytimg.com/vi/JXeJANDKwDc/hqdefault.jpg
TRUE Limits Of Humanity ‚Äì The Final Border We Will Never Cross,22M views,4 years ago,https://www.youtube.com/watch?v=uzkD5SeuwzM,https://i.ytimg.com/vi/uzkD5SeuwzM/hqdefault.jpg
What If You Fall into a Black Hole?,18M views,4 years ago,https://www.youtube.com/watch?v=QqsLTNkzvaY,https://i.ytimg.com/vi/QqsLTNkzvaY/hqdefault.jpg
Do we Need Nuclear Energy to Stop Climate Change?,9.3M views,4 years ago,https://www.youtube.com/watch?v=EhAemz1v7dQ,https://i.ytimg.com/vi/EhAemz1v7dQ/hqdefault.jpg
What if the World turned to Gold? - The Gold Apocalypse,15M views,4 years ago,https://www.youtube.com/watch?v=VB_GWz25B3Q,https://i.ytimg.com/vi/VB_GWz25B3Q/hqdefault.jpg
Worst Nuclear Accidents in History,10M views,4 years ago,https://www.youtube.com/watch?v=Jzfpyo-q-RM&pp=0gcJCccJAYcqIYzv,https://i.ytimg.com/vi/Jzfpyo-q-RM/hqdefault.jpg
What if We Nuke the Moon?,19M views,4 years ago,https://www.youtube.com/watch?v=qEfPBt9dU60,https://i.ytimg.com/vi/qEfPBt9dU60/hqdefault.jpg
Can You Upload Your Mind & Live Forever?,12M views,4 years ago,https://www.youtube.com/watch?v=4b33NTAuF5E,https://i.ytimg.com/vi/4b33NTAuF5E/hqdefault.jpg
What If Earth got Kicked Out of the Solar System? Rogue Earth,19M views,4 years ago,https://www.youtube.com/watch?v=gLZJlf5rHVs,https://i.ytimg.com/vi/gLZJlf5rHVs/hqdefault.jpg
How Large Can a Bacteria get? Life & Size 3,10M views,4 years ago,https://www.youtube.com/watch?v=E1KkQrFEl2I,https://i.ytimg.com/vi/E1KkQrFEl2I/hqdefault.jpg
Geoengineering: A Horrible Idea We Might Have to Do,11M views,4 years ago,https://www.youtube.com/watch?v=dSu5sXmsur4,https://i.ytimg.com/vi/dSu5sXmsur4/hqdefault.jpg
When Time Became History - The Human Era,9.9M views,4 years ago,https://www.youtube.com/watch?v=CWu29PRCUvQ,https://i.ytimg.com/vi/CWu29PRCUvQ/hqdefault.jpg
"Is It Too Late To Stop Climate Change? Well, it's Complicated.",7.1M views,4 years ago,https://www.youtube.com/watch?v=wbR-5mHI6bo&pp=0gcJCccJAYcqIYzv,https://i.ytimg.com/vi/wbR-5mHI6bo/hqdefault.jpg
The Largest Star in the Universe ‚Äì Size Comparison,34M views,4 years ago,https://www.youtube.com/watch?v=3mnSDifDSxQ,https://i.ytimg.com/vi/3mnSDifDSxQ/hqdefault.jpg
These Ants Use Their Babies As Glue Guns,11M views,4 years ago,https://www.youtube.com/watch?v=B3QTAgHlwEg,https://i.ytimg.com/vi/B3QTAgHlwEg/hqdefault.jpg
Unlimited Resources From Space ‚Äì Asteroid Mining,10M views,4 years ago,https://www.youtube.com/watch?v=y8XvQNt26KI&pp=0gcJCccJAYcqIYzv,https://i.ytimg.com/vi/y8XvQNt26KI/hqdefault.jpg
What Do Alien Civilizations Look Like? The Kardashev Scale,20M views,4 years ago,https://www.youtube.com/watch?v=rhFK5_Nx9xY,https://i.ytimg.com/vi/rhFK5_Nx9xY/hqdefault.jpg
What Is Intelligence? Where Does it Begin?,11M views,5 years ago,https://www.youtube.com/watch?v=ck4RGeoHFko,https://i.ytimg.com/vi/ck4RGeoHFko/hqdefault.jpg
Who Is Responsible For Climate Change? ‚Äì Who Needs To Fix It?,11M views,5 years ago,https://www.youtube.com/watch?v=ipVxxxqwBQw,https://i.ytimg.com/vi/ipVxxxqwBQw/hqdefault.jpg
Could Solar Storms Destroy Civilization? Solar Flares & Coronal Mass Ejections,15M views,5 years ago,https://www.youtube.com/watch?v=oHHSSJDJ4oo,https://i.ytimg.com/vi/oHHSSJDJ4oo/hqdefault.jpg
The Past We Can Never Return To ‚Äì The Anthropocene Reviewed,8.8M views,5 years ago,https://www.youtube.com/watch?v=YbgnlkJPga4,https://i.ytimg.com/vi/YbgnlkJPga4/hqdefault.jpg
"Why Are You Alive ‚Äì Life, Energy & ATP",11M views,5 years ago,https://www.youtube.com/watch?v=QImCld9YubE,https://i.ytimg.com/vi/QImCld9YubE/hqdefault.jpg
The Coronavirus Explained & What You Should Do,89M views,5 years ago,https://www.youtube.com/watch?v=BtN-goy9VOY,https://i.ytimg.com/vi/BtN-goy9VOY/hqdefault.jpg
Why Blue Whales Don't Get Cancer - Peto's Paradox,26M views,5 years ago,https://www.youtube.com/watch?v=1AElONvi9WQ,https://i.ytimg.com/vi/1AElONvi9WQ/hqdefault.jpg
How to Make a Kurzgesagt Video in 1200 Hours,8.7M views,5 years ago,https://www.youtube.com/watch?v=uFk0mgljtns,https://i.ytimg.com/vi/uFk0mgljtns/hqdefault.jpg
Milk. White Poison or Healthy Drink?,22M views,5 years ago,https://www.youtube.com/watch?v=oakWgLqCwUc&pp=0gcJCccJAYcqIYzv,https://i.ytimg.com/vi/oakWgLqCwUc/hqdefault.jpg
How to Move the Sun: Stellar Engines,18M views,5 years ago,https://www.youtube.com/watch?v=v3y8AIEX_dU,https://i.ytimg.com/vi/v3y8AIEX_dU/hqdefault.jpg
Overpopulation & Africa,9.9M views,5 years ago,https://www.youtube.com/watch?v=NMo3nZHVrZ4&pp=0gcJCccJAYcqIYzv,https://i.ytimg.com/vi/NMo3nZHVrZ4/hqdefault.jpg
An Antidote to Dissatisfaction,16M views,5 years ago,https://www.youtube.com/watch?v=WPPPFqsECz0,https://i.ytimg.com/vi/WPPPFqsECz0/hqdefault.jpg
"1,000km Cable to the Stars - The Skyhook",12M views,5 years ago,https://www.youtube.com/watch?v=dqwpQarrDwk,https://i.ytimg.com/vi/dqwpQarrDwk/hqdefault.jpg
Neutron Stars ‚Äì The Most Extreme Things that are not Black Holes,22M views,5 years ago,https://www.youtube.com/watch?v=udFxKZRyQt4&pp=0gcJCccJAYcqIYzv,https://i.ytimg.com/vi/udFxKZRyQt4/hqdefault.jpg
What if We Nuke a City?,28M views,5 years ago,https://www.youtube.com/watch?v=5iPH-br_eJQ,https://i.ytimg.com/vi/5iPH-br_eJQ/hqdefault.jpg
The Billion Ant Mega Colony and the Biggest War on Earth,21M views,5 years ago,https://www.youtube.com/watch?v=cqECNYmM23A,https://i.ytimg.com/vi/cqECNYmM23A/hqdefault.jpg
What‚Äôs Hiding at the Most Solitary Place on Earth? The Deep Sea,24M views,5 years ago,https://www.youtube.com/watch?v=PaErPyEnDvk,https://i.ytimg.com/vi/PaErPyEnDvk/hqdefault.jpg
The Egg - A Short Story,34M views,5 years ago,https://www.youtube.com/watch?v=h6fcK_fRYaI,https://i.ytimg.com/vi/h6fcK_fRYaI/hqdefault.jpg
The World War of the Ants ‚Äì The Army Ant,26M views,5 years ago,https://www.youtube.com/watch?v=7_e0CA_nhaE,https://i.ytimg.com/vi/7_e0CA_nhaE/hqdefault.jpg
Tiny Bombs in your Blood - The Complement System,12M views,6 years ago,https://www.youtube.com/watch?v=BSypUV6QUNw,https://i.ytimg.com/vi/BSypUV6QUNw/hqdefault.jpg
Could Your Phone Hurt You? Electromagnetic Pollution,7.9M views,6 years ago,https://www.youtube.com/watch?v=FfgT6zx4k3Q,https://i.ytimg.com/vi/FfgT6zx4k3Q/hqdefault.jpg
Is Meat Bad for You? Is Meat Unhealthy?,14M views,6 years ago,https://www.youtube.com/watch?v=ouAccsTzlGU&pp=0gcJCccJAYcqIYzv,https://i.ytimg.com/vi/ouAccsTzlGU/hqdefault.jpg
Is the EU Democratic? Does Your Vote Matter?,5.4M views,6 years ago,https://www.youtube.com/watch?v=h4Uu5eyN6VU,https://i.ytimg.com/vi/h4Uu5eyN6VU/hqdefault.jpg
The Side Effects of Vaccines - How High is the Risk?,17M views,6 years ago,https://www.youtube.com/watch?v=zBkVCpbNnkU,https://i.ytimg.com/vi/zBkVCpbNnkU/hqdefault.jpg
The Most Dangerous Stuff in the Universe - Strange Stars Explained,23M views,6 years ago,https://www.youtube.com/watch?v=p_8yK2kmxoo,https://i.ytimg.com/vi/p_8yK2kmxoo/hqdefault.jpg
What If We Detonated All Nuclear Bombs at Once?,32M views,6 years ago,https://www.youtube.com/watch?v=JyECrGp-Sw8,https://i.ytimg.com/vi/JyECrGp-Sw8/hqdefault.jpg
The Origin of Consciousness ‚Äì How Unaware Things Became Aware,17M views,6 years ago,https://www.youtube.com/watch?v=H6u0VBqNBQ8&pp=0gcJCccJAYcqIYzv,https://i.ytimg.com/vi/H6u0VBqNBQ8/hqdefault.jpg
Can You Trust Kurzgesagt Videos?,6.9M views,6 years ago,https://www.youtube.com/watch?v=JtUAAXe_0VI,https://i.ytimg.com/vi/JtUAAXe_0VI/hqdefault.jpg
Loneliness,27M views,6 years ago,https://www.youtube.com/watch?v=n3Xv_g3g-mA,https://i.ytimg.com/vi/n3Xv_g3g-mA/hqdefault.jpg
Building a Marsbase is a Horrible Idea: Let‚Äôs do it!,21M views,6 years ago,https://www.youtube.com/watch?v=uqKGREZs6-w,https://i.ytimg.com/vi/uqKGREZs6-w/hqdefault.jpg
Is Organic Really Better? Healthy Food or Trendy Scam?,12M views,6 years ago,https://www.youtube.com/watch?v=8PmM6SUn7Es,https://i.ytimg.com/vi/8PmM6SUn7Es/hqdefault.jpg
Aliens under the Ice ‚Äì Life on Rogue Planets,14M views,6 years ago,https://www.youtube.com/watch?v=M7CkdB5z9PY,https://i.ytimg.com/vi/M7CkdB5z9PY/hqdefault.jpg
How to Build a Dyson Sphere - The Ultimate Megastructure,23M views,6 years ago,https://www.youtube.com/watch?v=pP44EPBMb8A,https://i.ytimg.com/vi/pP44EPBMb8A/hqdefault.jpg
End of Space ‚Äì Creating a Prison for Humanity,14M views,6 years ago,https://www.youtube.com/watch?v=yS1ibDImAYU,https://i.ytimg.com/vi/yS1ibDImAYU/hqdefault.jpg
Why Beautiful Things Make us Happy ‚Äì Beauty Explained,10M views,6 years ago,https://www.youtube.com/watch?v=-O5kNPlUV7w,https://i.ytimg.com/vi/-O5kNPlUV7w/hqdefault.jpg
Why Meat is the Best Worst Thing in the World üçî,13M views,6 years ago,https://www.youtube.com/watch?v=NxvQPzrg2Wg,https://i.ytimg.com/vi/NxvQPzrg2Wg/hqdefault.jpg
How We Could Build a Moon Base TODAY ‚Äì¬†Space Colonization 1,16M views,6 years ago,https://www.youtube.com/watch?v=NtQkz0aRDe8,https://i.ytimg.com/vi/NtQkz0aRDe8/hqdefault.jpg
Wormholes Explained ‚Äì Breaking Spacetime,24M views,6 years ago,https://www.youtube.com/watch?v=9P6rdqiybaw,https://i.ytimg.com/vi/9P6rdqiybaw/hqdefault.jpg
What If You Detonated a Nuclear Bomb In The Marianas Trench? (Science not Fantasy),35M views,7 years ago,https://www.youtube.com/watch?v=9tbxDgcv74c,https://i.ytimg.com/vi/9tbxDgcv74c/hqdefault.jpg
Plastic Pollution: How Humans are Turning the World into Plastic,9.7M views,7 years ago,https://www.youtube.com/watch?v=RS7IzU2VJIQ,https://i.ytimg.com/vi/RS7IzU2VJIQ/hqdefault.jpg
3 Arguments Why Marijuana Should Stay Illegal Reviewed,16M views,7 years ago,https://www.youtube.com/watch?v=kP15q815Saw,https://i.ytimg.com/vi/kP15q815Saw/hqdefault.jpg
The Deadliest Being on Planet Earth ‚Äì The Bacteriophage,34M views,7 years ago,https://www.youtube.com/watch?v=YI3tsmFsrOg,https://i.ytimg.com/vi/YI3tsmFsrOg/hqdefault.jpg
The Black Hole Bomb and Black Hole Civilizations,29M views,7 years ago,https://www.youtube.com/watch?v=ulCdoCfw-bY,https://i.ytimg.com/vi/ulCdoCfw-bY/hqdefault.jpg
Time: The History & Future of Everything ‚Äì Remastered,10M views,7 years ago,https://www.youtube.com/watch?v=5TbUxGZtwGI,https://i.ytimg.com/vi/5TbUxGZtwGI/hqdefault.jpg
A Selfish Argument for Making the World a Better Place ‚Äì Egoistic Altruism,11M views,7 years ago,https://www.youtube.com/watch?v=rvskMHn0sqQ,https://i.ytimg.com/vi/rvskMHn0sqQ/hqdefault.jpg
String Theory Explained ‚Äì What is The True Nature of Reality?,25M views,7 years ago,https://www.youtube.com/watch?v=Da-2h2B4faU&pp=0gcJCccJAYcqIYzv,https://i.ytimg.com/vi/Da-2h2B4faU/hqdefault.jpg
Homeopathy Explained ‚Äì Gentle Healing or Reckless Fraud?,11M views,7 years ago,https://www.youtube.com/watch?v=8HslUzw35mc,https://i.ytimg.com/vi/8HslUzw35mc/hqdefault.jpg
Why Alien Life Would be our Doom - The Great Filter,27M views,7 years ago,https://www.youtube.com/watch?v=UjtOGPJ0URM,https://i.ytimg.com/vi/UjtOGPJ0URM/hqdefault.jpg
How to Make an Elephant Explode ‚Äì¬†The Size of Life 2,8.9M views,7 years ago,https://www.youtube.com/watch?v=MUWUHf-rzks,https://i.ytimg.com/vi/MUWUHf-rzks/hqdefault.jpg
Universal Basic Income Explained ‚Äì Free Money for Everybody? UBI,10M views,7 years ago,https://www.youtube.com/watch?v=kl39KHS07Xc,https://i.ytimg.com/vi/kl39KHS07Xc/hqdefault.jpg
Emergence ‚Äì How Stupid Things Become Smart Together,8.9M views,7 years ago,https://www.youtube.com/watch?v=16W7c0mb-rE,https://i.ytimg.com/vi/16W7c0mb-rE/hqdefault.jpg
How to Cure Aging ‚Äì During Your Lifetime?,7.9M views,7 years ago,https://www.youtube.com/watch?v=MjdpR-TY6QU,https://i.ytimg.com/vi/MjdpR-TY6QU/hqdefault.jpg
Why Age? Should We End Aging Forever?,8.9M views,7 years ago,https://www.youtube.com/watch?v=GoJsr4IwCm4&pp=0gcJCccJAYcqIYzv,https://i.ytimg.com/vi/GoJsr4IwCm4/hqdefault.jpg
How Bacteria Rule Over Your Body ‚Äì The Microbiome,10M views,7 years ago,https://www.youtube.com/watch?v=VzPD009qTN4,https://i.ytimg.com/vi/VzPD009qTN4/hqdefault.jpg
Is Reality Real? The Simulation Argument,21M views,7 years ago,https://www.youtube.com/watch?v=tlTKTTt47WE&pp=0gcJCccJAYcqIYzv,https://i.ytimg.com/vi/tlTKTTt47WE/hqdefault.jpg
What Happens If We Bring the Sun to Earth?,12M views,7 years ago,https://www.youtube.com/watch?v=J0ldO87Pprc,https://i.ytimg.com/vi/J0ldO87Pprc/hqdefault.jpg
Why Black Holes Could Delete The Universe ‚Äì The Information Paradox,30M views,7 years ago,https://www.youtube.com/watch?v=yWO-cvGETRQ,https://i.ytimg.com/vi/yWO-cvGETRQ/hqdefault.jpg
What Happens If We Throw an Elephant From a Skyscraper? Life & Size 1,18M views,7 years ago,https://www.youtube.com/watch?v=f7KSfjv4Oq0,https://i.ytimg.com/vi/f7KSfjv4Oq0/hqdefault.jpg
Optimistic Nihilism,18M views,8 years ago,https://www.youtube.com/watch?v=MBRqu0YOH14,https://i.ytimg.com/vi/MBRqu0YOH14/hqdefault.jpg
The Rise of the Machines ‚Äì Why Automation is Different this Time,14M views,8 years ago,https://www.youtube.com/watch?v=WSKi8HfcxEk,https://i.ytimg.com/vi/WSKi8HfcxEk/hqdefault.jpg
The Last Light Before Eternal Darkness ‚Äì White Dwarfs & Black Dwarfs,15M views,8 years ago,https://www.youtube.com/watch?v=qsN1LglrX9s,https://i.ytimg.com/vi/qsN1LglrX9s/hqdefault.jpg
Is the European Union Worth It Or Should We End It?,7.9M views,8 years ago,https://www.youtube.com/watch?v=XxutY7ss1v4&pp=0gcJCccJAYcqIYzv,https://i.ytimg.com/vi/XxutY7ss1v4/hqdefault.jpg
Are GMOs Good or Bad? Genetic Engineering & Our Food,14M views,8 years ago,https://www.youtube.com/watch?v=7TmcXYp8xu4,https://i.ytimg.com/vi/7TmcXYp8xu4/hqdefault.jpg
Do Robots Deserve Rights? What if Machines Become Conscious?,7.9M views,8 years ago,https://www.youtube.com/watch?v=DHyUYg8X31c,https://i.ytimg.com/vi/DHyUYg8X31c/hqdefault.jpg
Why Earth Is A Prison and How To Escape It,12M views,8 years ago,https://www.youtube.com/watch?v=RVMZxH1TIIQ,https://i.ytimg.com/vi/RVMZxH1TIIQ/hqdefault.jpg
Overpopulation ‚Äì The Human Explosion Explained,13M views,8 years ago,https://www.youtube.com/watch?v=QsBT5EQt348,https://i.ytimg.com/vi/QsBT5EQt348/hqdefault.jpg
A New History for Humanity ‚Äì The Human Era,9.9M views,8 years ago,https://www.youtube.com/watch?v=czgOWmtGVGs,https://i.ytimg.com/vi/czgOWmtGVGs/hqdefault.jpg
The Most Gruesome Parasites ‚Äì Neglected Tropical Diseases ‚Äì NTDs,13M views,8 years ago,https://www.youtube.com/watch?v=qNWWrDBRBqk,https://i.ytimg.com/vi/qNWWrDBRBqk/hqdefault.jpg
Fusion Power Explained ‚Äì Future or Failure,14M views,8 years ago,https://www.youtube.com/watch?v=mZsaaturR6E,https://i.ytimg.com/vi/mZsaaturR6E/hqdefault.jpg
The Most Efficient Way to Destroy the Universe ‚Äì False Vacuum,16M views,8 years ago,https://www.youtube.com/watch?v=ijFm6DxNVyI,https://i.ytimg.com/vi/ijFm6DxNVyI/hqdefault.jpg
Genetic Engineering and Diseases ‚Äì Gene Drive & Malaria,9.7M views,8 years ago,https://www.youtube.com/watch?v=TnzcwTyr6cE,https://i.ytimg.com/vi/TnzcwTyr6cE/hqdefault.jpg
Genetic Engineering Will Change Everything Forever ‚Äì CRISPR,30M views,8 years ago,https://www.youtube.com/watch?v=jAhjPd4uNFY,https://i.ytimg.com/vi/jAhjPd4uNFY/hqdefault.jpg
Death From Space ‚Äî Gamma-Ray Bursts Explained,14M views,8 years ago,https://www.youtube.com/watch?v=RLykC1VN7NY,https://i.ytimg.com/vi/RLykC1VN7NY/hqdefault.jpg
What Happened Before History? Human Origins,23M views,9 years ago,https://www.youtube.com/watch?v=dGiQaabX3_o,https://i.ytimg.com/vi/dGiQaabX3_o/hqdefault.jpg
What Are You?,15M views,9 years ago,https://www.youtube.com/watch?v=JQVmkDUkZT4,https://i.ytimg.com/vi/JQVmkDUkZT4/hqdefault.jpg
How Far Can We Go? Limits of Humanity (Old Version ‚Äì Watch the New One),18M views,9 years ago,https://www.youtube.com/watch?v=ZL4yYHdDSWs&pp=0gcJCccJAYcqIYzv,https://i.ytimg.com/vi/ZL4yYHdDSWs/hqdefault.jpg
Safe and Sorry ‚Äì¬†Terrorism & Mass Surveillance,4.6M views,9 years ago,https://www.youtube.com/watch?v=V9_PjdU3Mpo,https://i.ytimg.com/vi/V9_PjdU3Mpo/hqdefault.jpg
Space Elevator ‚Äì¬†Science Fiction or the Future of Mankind?,8M views,9 years ago,https://www.youtube.com/watch?v=qPQQwqGWktE,https://i.ytimg.com/vi/qPQQwqGWktE/hqdefault.jpg
The Antibiotic Apocalypse Explained,8.6M views,9 years ago,https://www.youtube.com/watch?v=xZbcwi7SfZE,https://i.ytimg.com/vi/xZbcwi7SfZE/hqdefault.jpg
Why The War on Drugs Is a Huge Failure,11M views,9 years ago,https://www.youtube.com/watch?v=wJUXLqNHCaI,
The Last Star in the Universe ‚Äì Red Dwarfs Explained,13M views,9 years ago,https://www.youtube.com/watch?v=LS-VPyLaJFM,
What Is Something?,7.8M views,9 years ago,https://www.youtube.com/watch?v=X9otDixAtFw,
Black Holes Explained ‚Äì¬†From Birth to Death,25M views,9 years ago,https://www.youtube.com/watch?v=e-P5IFTqB98,https://i.ytimg.com/vi/e-P5IFTqB98/hqdefault.jpg
Quantum Computers Explained ‚Äì Limits of Human Technology,19M views,9 years ago,https://www.youtube.com/watch?v=JhHMJCUmq28&pp=0gcJCccJAYcqIYzv,https://i.ytimg.com/vi/JhHMJCUmq28/hqdefault.jpg
How Facebook is Stealing Billions of Views,10M views,9 years ago,https://www.youtube.com/watch?v=t7tA3NNKF0Q,https://i.ytimg.com/vi/t7tA3NNKF0Q/hqdefault.jpg
What Is Light?,9.5M views,9 years ago,https://www.youtube.com/watch?v=IXxZRZxafEQ,https://i.ytimg.com/vi/IXxZRZxafEQ/hqdefault.jpg
What is Dark Matter and Dark Energy?,12M views,9 years ago,https://www.youtube.com/watch?v=QAa2O_8wBUQ,https://i.ytimg.com/vi/QAa2O_8wBUQ/hqdefault.jpg
What if there was a black hole in your pocket?,15M views,10 years ago,https://www.youtube.com/watch?v=8nHBGFKLHZQ,https://i.ytimg.com/vi/8nHBGFKLHZQ/hqdefault.jpg
"The Death Of Bees Explained ‚Äì Parasites, Poison and Humans",15M views,10 years ago,https://www.youtube.com/watch?v=GqA42M4RtxE,https://i.ytimg.com/vi/GqA42M4RtxE/hqdefault.jpg
The Fermi Paradox II ‚Äî Solutions and Ideas ‚Äì Where Are All The Aliens?,16M views,10 years ago,https://www.youtube.com/watch?v=1fQkVqno-uI,https://i.ytimg.com/vi/1fQkVqno-uI/hqdefault.jpg
The Fermi Paradox ‚Äî Where Are All The Aliens? (1/2),34M views,10 years ago,https://www.youtube.com/watch?v=sNhhvQGsMEc,https://i.ytimg.com/vi/sNhhvQGsMEc/hqdefault.jpg
3 Reasons Why Nuclear Energy Is Terrible! 2/3,4.8M views,10 years ago,https://www.youtube.com/watch?v=HEYbgyL5n1g,https://i.ytimg.com/vi/HEYbgyL5n1g/hqdefault.jpg
3 Reasons Why Nuclear Energy Is Awesome! 3/3,4.7M views,10 years ago,https://www.youtube.com/watch?v=pVbLlnmxIbY,https://i.ytimg.com/vi/pVbLlnmxIbY/hqdefault.jpg
Nuclear Energy Explained: How does it work? 1/3,7.8M views,10 years ago,https://www.youtube.com/watch?v=rcOFV4y5z8c&pp=0gcJCccJAYcqIYzv,https://i.ytimg.com/vi/rcOFV4y5z8c/hqdefault.jpg
Banking Explained ‚Äì Money and Credit,10M views,10 years ago,https://www.youtube.com/watch?v=fTTGALaRZoc,https://i.ytimg.com/vi/fTTGALaRZoc/hqdefault.jpg
Measles Explained ‚Äî Vaccinate or Not?,9.9M views,10 years ago,https://www.youtube.com/watch?v=y0opgc1WoS4,https://i.ytimg.com/vi/y0opgc1WoS4/hqdefault.jpg
How Small Is An Atom? Spoiler: Very Small.,9.5M views,10 years ago,https://www.youtube.com/watch?v=_lNF3_30lUE&pp=0gcJCccJAYcqIYzv,https://i.ytimg.com/vi/_lNF3_30lUE/hqdefault.jpg
The Ultimate Conspiracy Debunker,8.3M views,10 years ago,https://www.youtube.com/watch?v=Hug0rfFC_L8&pp=0gcJCccJAYcqIYzv,https://i.ytimg.com/vi/Hug0rfFC_L8/hqdefault.jpg
What Is Life? Is Death Real?,14M views,10 years ago,https://www.youtube.com/watch?v=QOCaacO8wus,https://i.ytimg.com/vi/QOCaacO8wus/hqdefault.jpg
The Ebola Virus Explained ‚Äî How Your Body Fights For Survival,13M views,10 years ago,https://www.youtube.com/watch?v=sRv19gkZ4E0,https://i.ytimg.com/vi/sRv19gkZ4E0/hqdefault.jpg
Is War Over? ‚Äî A Paradox Explained,12M views,10 years ago,https://www.youtube.com/watch?v=NbuUW9i-mHs,https://i.ytimg.com/vi/NbuUW9i-mHs/hqdefault.jpg
Atoms As Big As Mountains ‚Äî Neutron Stars Explained,8.2M views,10 years ago,https://www.youtube.com/watch?v=ZW3aV7U-aik,https://i.ytimg.com/vi/ZW3aV7U-aik/hqdefault.jpg
Everything You Need to Know About Planet Earth,13M views,10 years ago,https://www.youtube.com/watch?v=JGXi_9A__Vc,https://i.ytimg.com/vi/JGXi_9A__Vc/hqdefault.jpg
The Immune System Explained I ‚Äì Bacteria Infection,54M views,11 years ago,https://www.youtube.com/watch?v=zQGOcOUBi6s,https://i.ytimg.com/vi/zQGOcOUBi6s/hqdefault.jpg
"Iraq Explained -- ISIS, Syria and War",8.1M views,11 years ago,https://www.youtube.com/watch?v=AQPlREDW-Ro,https://i.ytimg.com/vi/AQPlREDW-Ro/hqdefault.jpg
Are You Alone? (In The Universe),5.4M views,11 years ago,https://www.youtube.com/watch?v=PKMQzkIiB0Y,https://i.ytimg.com/vi/PKMQzkIiB0Y/hqdefault.jpg
How to catch a Dwarf Planet -- Triton MM#3,4.2M views,11 years ago,https://www.youtube.com/watch?v=cR9uphgMZ8U,https://i.ytimg.com/vi/cR9uphgMZ8U/hqdefault.jpg
The Moons of Mars Explained -- Phobos & Deimos MM#2,4.4M views,11 years ago,https://www.youtube.com/watch?v=Pw0IZg7_4mo,https://i.ytimg.com/vi/Pw0IZg7_4mo/hqdefault.jpg
How Big is the Moon? MM#1,2.4M views,11 years ago,https://www.youtube.com/watch?v=Tqt9hZcWhJM,https://i.ytimg.com/vi/Tqt9hZcWhJM/hqdefault.jpg
Who Invented the Internet? And Why?,3M views,11 years ago,https://www.youtube.com/watch?v=21eFwbb48sE&pp=0gcJCccJAYcqIYzv,https://i.ytimg.com/vi/21eFwbb48sE/hqdefault.jpg
The Beginning of Everything -- The Big Bang,15M views,11 years ago,https://www.youtube.com/watch?v=wNDGgL73ihY,https://i.ytimg.com/vi/wNDGgL73ihY/hqdefault.jpg
Three Ways to Destroy the Universe,27M views,11 years ago,https://www.youtube.com/watch?v=4_aOIA-vyBo&pp=0gcJCccJAYcqIYzv,https://i.ytimg.com/vi/4_aOIA-vyBo/hqdefault.jpg
The History and Future of Everything -- Time,7.4M views,11 years ago,https://www.youtube.com/watch?v=2XkV6IpV2Y0,https://i.ytimg.com/vi/2XkV6IpV2Y0/hqdefault.jpg
How The Stock Exchange Works (For Dummies),8.4M views,11 years ago,https://www.youtube.com/watch?v=F3QpgXBtDeo,https://i.ytimg.com/vi/F3QpgXBtDeo/hqdefault.jpg
The Gulf Stream Explained,6.2M views,11 years ago,https://www.youtube.com/watch?v=UuGrBhK2c7U,https://i.ytimg.com/vi/UuGrBhK2c7U/hqdefault.jpg
Fracking explained: opportunity or danger,7.4M views,11 years ago,https://www.youtube.com/watch?v=Uti2niW2BRA,https://i.ytimg.com/vi/Uti2niW2BRA/hqdefault.jpg
The Solar System -- our home in space,6.4M views,11 years ago,https://www.youtube.com/watch?v=KsF_hdjWJjo,https://i.ytimg.com/vi/KsF_hdjWJjo/hqdefault.jpg
How Evolution works,11M views,12 years ago,https://www.youtube.com/watch?v=hOfRN0KihOU,https://i.ytimg.com/vi/hOfRN0KihOU/hqdefault.jpg
